{
  "generator": {
    "mean": 5.923394357621178,
    "std": 2.005844154124617,
    "min": 9.232280717696995e-05,
    "max": 22.784645080566406
  },
  "discriminator": {
    "mean": 0.2202251933007757,
    "std": 0.48273670712713507,
    "min": 0.00012685859110206366,
    "max": 21.07884979248047
  },
  "total_time_hours": 0.602940436469184,
  "num_epochs": 100,
  "final_g_loss": 10.747815132141113,
  "final_d_loss": 0.10476472973823547
}