{
  "generator": {
    "mean": 4.883693012354978,
    "std": 1.9027046249682982,
    "min": 0.4625939130783081,
    "max": 21.296525955200195
  },
  "discriminator": {
    "mean": 0.5633845091555546,
    "std": 0.4467067317148849,
    "min": 0.03291233256459236,
    "max": 6.411168098449707
  },
  "total_time_hours": 0.061704931921429104,
  "num_epochs": 100,
  "final_g_loss": 5.586645126342773,
  "final_d_loss": 0.1393892914056778
}