{
  "generator": {
    "mean": 6.373595109901474,
    "std": 2.38150499232723,
    "min": 1.0052052857645322e-05,
    "max": 27.356121063232422
  },
  "discriminator": {
    "mean": 0.20577431203945723,
    "std": 0.4914442701004471,
    "min": 7.822149200364947e-06,
    "max": 52.58988952636719
  },
  "total_time_hours": 0.5931922172175513,
  "num_epochs": 100,
  "final_g_loss": 5.95375919342041,
  "final_d_loss": 0.017545513808727264
}